{
  "logistic_regression": 0.9746835443037974,
  "naive_bayes": 0.8607594936708861,
  "svm_rbf": 0.9240506329113924,
  "knn": 0.9240506329113924
}